,Filename,Class Label
1,--4gqARaEJE.png,81
2,-0BIyqJj9ZU.png,54
3,-0CamVQdP_Y.png,142
4,-0Gj8-vB1q4.png,53
5,-0jeONf82dE.png,122
6,-0nqfRcnAYE.png,80
7,-0p7hKXZ1ww.png,101
8,-0RWZT-miFs.png,131
9,-0vPFx-wRRI.png,97
10,-0xzrMun0Rs.png,210
11,-0yRK50zyTI.png,66
12,-0YUDn-1yII.png,222
13,-116CjQ3MAg.png,20
14,-1EXhfqLLwQ.png,14
15,-1hDIl9Udkw.png,142
16,-1Hub6Ps_cc.png,186
17,-1II0Di9Hkc.png,142
18,-1LQP2wemiQ.png,17
19,-1nilez17Dg.png,120
20,-1OlgJWehn8.png,142
21,-1pRmoJIGQc.png,93
22,-1PZQg5Gi8A.png,193
23,-1UWSisR2zo.png,142
24,-21_SXelVNo.png,196
25,-22tna7KHzI.png,95
26,-2EKWgTNEYU.png,155
27,-2RPPODqLy4.png,216
28,-2sE5CH8Wb8.png,163
29,-2xiZDEuHd8.png,142
30,-3-4qmWSJXU.png,157
31,-36qTeAdDMI.png,218
32,-3Kv4fdm7Uk.png,142
33,-3nXxwBlX5A.png,244
34,-3nyUrKWFEE.png,209
35,-3rHVsIj1M8.png,23
36,-3YWuPXHknk.png,92
37,-3z5mFRgbxc.png,30
38,-47nPCeukVc.png,237
39,-4kkGS4-qVM.png,57
40,-4pmCrSdMhg.png,142
41,-4SYC2YgzL8.png,142
42,-4viN_EoxOA.png,25
43,-53zl3bPmpM.png,142
44,-5CGQGSFGyg.png,146
45,-5FoeegAgvU.png,142
46,-5PZ_Bh-M6o.png,121
47,-65CfQUX9Ng.png,150
48,-6Aq2fJwlgU.png,193
49,-6cTEqIcics.png,187
50,-6GcdDStIwM.png,74
51,-6HBGg1cAI0.png,229
52,-6JnAxTXApw.png,252
53,-7B9tPuIP-w.png,22
54,-7eDqv-6AKQ.png,237
55,-7IhwezUrUA.png,72
56,-7TanrCbmME.png,142
57,-7vpNApSN8g.png,74
58,-7YESdyyHVw.png,64
59,-88me9bBzrk.png,37
60,-8C-gydUbR8.png,142
61,-8cgbhIR_pw.png,0
62,-8Ds_ZrtQ9M.png,138
63,-8Mzg0pjOzc.png,142
64,-8pCMgGKZY8.png,142
65,-8s8gqSkRzI.png,107
66,-95a1RB0jHs.png,95
67,-98gqe2LWcg.png,134
68,-9mHz0OsKKw.png,228
69,-9O1cb8z7Mk.png,106
70,-9phJ0sJrXg.png,214
71,-c7hCWwTlrY.png,142
72,-na-0NBG5Ow.png,68
73,-r2-9oyIzkQ.png,142
74,-R4Vw5lNMPM.png,25
75,-R8MAtu1vWY.png,196
76,-TN-8OnbpPQ.png,74
77,0-2Onbywljo.png,142
78,0-6N0Qagy5A.png,142
79,0-7PyzhzuYQ.png,112
80,0-EgET9q3qE.png,146
81,0-Hzui4Qpl4.png,200
82,0-ljtP6WJrI.png,251
83,0-N62G9etNE.png,142
84,0-o0oZvSFOk.png,176
85,0-yskgO46Bg.png,74
86,007P6bFgRCU.png,25
87,00AGIhlv-w0.png,170
88,00cjBW18AMM.png,142
89,00cREXaIlnQ.png,23
90,00FBAdjlF4g.png,67
91,00G2vNrTnCc.png,142
92,00iiNF4tn4o.png,230
93,00KM53yZi2A.png,151
94,00mJnXKtToE.png,142
95,00vYncpl0pk.png,239
96,00wORCOKNHw.png,60
97,00XaUxjGuX8.png,24
98,00z0M1DJyAw.png,235
99,01CiQ6VDxbo.png,261
100,01he_d18c8o.png,230
101,01SaXyGY5SM.png,39
102,01x0zZpL87I.png,58
103,02-0m4RbDUI.png,82
104,02Ak1eIyj3M.png,5
105,02Fdq2tyIWI.png,142
106,02UvvE1oA1I.png,142
107,02XbmweOzOY.png,127
108,03aJ_RcnBko.png,118
109,03c-hmoUfuc.png,219
110,03c2pnO2Xv0.png,71
111,03IZHwOh2eQ.png,46
112,03Q2SbeP_cw.png,5
113,03Uz8L0u07Q.png,255
114,03zeVlBWhdY.png,247
115,0439dMJj-FY.png,226
116,043ltTrTSno.png,142
117,0474eRAlFLY.png,8
118,04ChQ0fqzxQ.png,178
119,04ISXje8c_g.png,142
120,04NjXsLyCl4.png,142
121,04QV0Xi5YTk.png,264
122,04xLK7R5wNA.png,70
123,054iiUoKoyo.png,199
124,055kC3FYxK0.png,142
125,05JAmKFVy44.png,142
126,05rzRNMhoL0.png,50
127,06Nq51sogmQ.png,159
128,06pzMwo6VHA.png,137
129,06rCpqwkcDw.png,197
130,06si40RVDco.png,140
131,076qdKSC8nU.png,216
132,077aWlQn6XI.png,163
133,07AQUF6A_mg.png,118
134,07FxCXxknY4.png,13
135,07I7v5ISD7Y.png,117
136,07mCK08xGRc.png,142
137,07rwFurzpw8.png,142
138,07xGXxIHOL4.png,142
139,08Cm_RuvHmk.png,264
140,08mf5GxT820.png,142
141,08pYl8L1y-g.png,241
142,08QQAMaw24E.png,142
143,08Ua8a01P5g.png,26
144,08wKt83tR5E.png,142
145,08wOPt-2PeE.png,262
146,097K1uMIPyQ.png,142
147,098xwjCQmHc.png,213
148,09kqMqn5rWs.png,200
149,09lQmg2wvsY.png,169
150,09pZj6CEvRw.png,55
151,09rHHvq75-U.png,49
152,0_1BfYtffzg.png,71
153,0_8-g2rof7E.png,121
154,0_9-dbUW0hU.png,142
155,0_B2YnBAz3A.png,194
156,0_FFqLukmHk.png,194
157,0_gci63CtFY.png,3
158,0_O6nVfnCH8.png,201
159,0_XItMAYkwc.png,128
160,0A-VisU1k8U.png,6
161,0a5KHX_odJ8.png,9
162,0a91szM1Ivw.png,37
163,0AA0R8gbxcI.png,162
164,0aaLWD7TUSU.png,23
165,0abzD7hBTRk.png,15
166,0AkRWunFZPk.png,70
167,0AqnCSdkjQ0.png,134
168,0ARh-9Amrv0.png,132
169,0aYAf-S-fKM.png,87
170,0B7fwvTtvLM.png,12
171,0BauNGmZtTU.png,157
172,0BCXcbaLeoA.png,26
173,0BgI0XxW0kE.png,2
174,0bhY7v5dJDY.png,113
175,0bKpv6YBl7g.png,200
176,0BlmXxLck5g.png,214
177,0bO6DhC2tlU.png,188
178,0bP2MH3LqvI.png,152
179,0bRUkLsttto.png,142
180,0bsbkdnSgMQ.png,67
181,0bvPjMQ_WbE.png,142
182,0bWZNWZ8YCI.png,58
183,0c1YU_VtFRE.png,142
184,0c78GAZ0jLY.png,47
185,0c8754kaMq4.png,257
186,0CA5CPHRXDc.png,126
187,0Cd8q2Zg1Mc.png,197
188,0CJFt950vOk.png,187
189,0Cl6hXpryhY.png,12
190,0cNYPgD6cEA.png,142
191,0crG6jzAUpE.png,31
192,0CTgEP0SIVg.png,20
193,0Cu33yBwAPg.png,55
194,0CzC0-cXe8M.png,133
195,0cZQm65sZjc.png,131
196,0D9ZiiYArKw.png,103
197,0dC6Ay0oqWk.png,264
198,0dd6AlyOnfc.png,153
199,0dgl6Rvt3X0.png,185
200,0DizopdPMBw.png,142
201,0DJP7ywh7nc.png,209
202,0dODugQ-e_E.png,155
203,0dPx94RPy2M.png,142
204,0dVmGVa3Rbw.png,185
205,0DwRfesDQvE.png,160
206,0DzsPL-xElE.png,42
207,0EI7FxbdsUE.png,142
208,0EiQyHjoaz8.png,38
209,0EOQco76eXQ.png,13
210,0EQYTfW7TDc.png,51
211,0eTrzI5-ong.png,264
212,0EvpBtracsk.png,142
213,0ewQiU3q5jM.png,129
214,0eXXRhp0p3w.png,116
215,0EyIdGgbPEo.png,142
216,0EyJ15KLxg4.png,146
217,0F-Z0zF1504.png,142
218,0F04c_rY4aw.png,123
219,0f3zX7BDW3Y.png,38
220,0fCpAuxrQ_I.png,142
221,0fD-eSRrybM.png,67
222,0fiOM---7QI.png,142
223,0FjrveIENzI.png,142
224,0foC-4n-eH0.png,82
225,0fqtA_ZBn_8.png,37
226,0fsntL6RKww.png,118
227,0fvq8YY28qI.png,65
228,0fwt2zSftIc.png,138
229,0fZKF6FprcA.png,67
230,0Fzrv1GXHPI.png,182
231,0g-KosNgMYA.png,156
232,0g4SlqjORM4.png,25
233,0G50t4FlbIA.png,175
234,0g_-KI5NZ-E.png,251
235,0Ga7T-2e490.png,232
236,0GBdXiumDQw.png,142
237,0GFtqzOWnWg.png,127
238,0GhmrpFuRNQ.png,183
239,0GNNFBrRz1E.png,118
240,0Gxn9FtaJFc.png,142
241,0H25ve3qts4.png,142
242,0H30ORfaFK8.png,210
243,0H814XXq-WQ.png,69
244,0H_WUo2srs0.png,187
245,0HbhE91JB-k.png,126
246,0he6VV5Y9Bg.png,126
247,0hfU27A6tus.png,10
248,0HGsAx2KjPM.png,259
249,0hjqlmdPT6g.png,92
250,0hOD_iIeePk.png,92
251,0HqZRxHCGLc.png,202
252,0hUft9scxzY.png,217
253,0hWIKYNSEPE.png,8
254,0HXYdGGKV2k.png,10
255,0HzbpwB3xDk.png,2
256,0i-RTS_FXcM.png,164
257,0i8VM_EooCs.png,90
258,0iiwZ2_9Vi8.png,63
259,0ImJuPpEpco.png,152
260,0IMxRf5KZBY.png,192
261,0ISHZQJdeSw.png,142
262,0IwGsEzITQs.png,139
263,0IxyUtHw6Ec.png,142
264,0IzhjqyDzt8.png,55
265,0izHOfrwPn4.png,142
266,0J3wJhQVOII.png,2
267,0j_nQcD7jdU.png,142
268,0J_TdiZ3TKA.png,142
269,0JbGxIR8JTk.png,142
270,0jFQ21A6GRA.png,142
271,0jiu0RNizU8.png,240
272,0JjprYD2Yhw.png,248
273,0JKxC7qrgt0.png,4
274,0jnvb2H25_Q.png,125
275,0Jq6WJLLSIk.png,200
276,0jR20-0sy1Y.png,258
277,0jy-sVREk4o.png,60
278,0K0pXiZrUJA.png,70
279,0k6KjLouAHs.png,200
280,0KCVgexi4yU.png,142
281,0kIIGL-xFhY.png,27
282,0KKTw8pfNjg.png,200
283,0kNCB0oGiL4.png,180
284,0KOPvSUlNjI.png,8
285,0kQD1P0_KUs.png,142
286,0kQjfwXjFuY.png,44
287,0kqQNBR09Rc.png,190
288,0kY1isykrrs.png,142
289,0L2ndtt60Q8.png,142
290,0L6xco-GIow.png,7
291,0LAcf9DNd1Q.png,254
292,0LE6Ll1rVlg.png,142
293,0lJyHuTVMNY.png,70
294,0LLlcPiatiU.png,142
295,0loP4WNnL2k.png,212
296,0lPcHRhXlWk.png,30
297,0lPip_ffJbk.png,260
298,0LTmV_dOmmo.png,132
299,0LY5zuRlIac.png,73
300,0m2rwP3eYno.png,198
301,0m9-5BkL4Mc.png,142
302,0Mba3BS1oRM.png,200
303,0mD4OcdidBM.png,187
304,0MEPG8c0jqk.png,200
305,0MH_VX7PnQQ.png,263
306,0ml1KwECOo8.png,197
307,0mNvPaqfwUI.png,156
308,0MV5mb0RJLY.png,86
309,0mXkme9abiU.png,49
310,0mXoMK4PvIw.png,105
311,0mZQ6Q-viPw.png,63
312,0MzrXd8CUCg.png,104
313,0N0C0Wbe6AI.png,91
314,0N17tEW_WEU.png,144
315,0N3-lCzOQPI.png,68
316,0N6S5OoG7Vg.png,98
317,0N9EN0BEjP0.png,30
318,0NMnJXcrhPo.png,254
319,0noFcocWRzw.png,109
320,0NW8rsCj6xQ.png,148
321,0NZLG7HMiLg.png,98
322,0O-gZoirpRA.png,163
323,0OFlTh2_Obo.png,35
324,0OhqyNGlJYE.png,132
325,0oI0BvmTLvA.png,61
326,0Olm321vgk8.png,142
327,0onKcFY1Tu0.png,68
328,0oTdsarJHA4.png,25
329,0oudYrPGNN8.png,83
330,0OY8XXZ98rw.png,142
331,0OYlHvyfNk4.png,213
332,0p0sM9wBLiE.png,223
333,0p7J0O8ew0k.png,65
334,0pewITE1550.png,142
335,0pHPUaSSEWc.png,106
336,0pHTgC1Frnw.png,233
337,0PHUQku2P5I.png,142
338,0PKdFG3iB8w.png,215
339,0pLgOm0xgjY.png,193
340,0PMFAO4TIU4.png,128
341,0PQYNtIBVf4.png,92
342,0pyk5xo7XAI.png,167
343,0pYpyy1VXdM.png,20
344,0q1wOYCfLlQ.png,209
345,0QabiRBcEKc.png,136
346,0QdEYUt4LL8.png,98
347,0qDs_aC0LwI.png,142
348,0QqQ1j1vBgw.png,152
349,0qSK2GuljEc.png,111
350,0QSPtpp1HN8.png,146
351,0QTme5iyg4A.png,95
352,0QYedLfOwcI.png,96
353,0qZ54ovyEWQ.png,220
354,0R6KIVvlyfQ.png,135
355,0R85JknaH-w.png,201
356,0rbUCEM20aw.png,9
357,0RcMzUdXDRQ.png,128
358,0Rg7tKJWk2w.png,115
359,0RgGrVklaao.png,142
360,0RGXyIbiHa4.png,160
361,0RJa3t8qZS4.png,143
362,0Rjyih3W0Is.png,258
363,0RMYLychMXc.png,124
364,0rNQE7fccQg.png,237
365,0Rp0mQTZF2o.png,142
366,0rqmPdr352Q.png,161
367,0Rt6sNb3P8o.png,172
368,0ryt1DPirB0.png,111
369,0RyzdrZgrus.png,142
370,0rz3h0ghprk.png,200
371,0rzB4A1PjnA.png,59
372,0RZRFj7zDnQ.png,41
373,0s0Uy0-zBa0.png,142
374,0S2mvjzH_xQ.png,94
375,0s6gEV9d52I.png,33
376,0s6Vt4i3iiQ.png,89
377,0saogke2Mec.png,224
378,0sE4JvKFpMI.png,192
379,0sfFYUPAANk.png,254
380,0SLv6CmZas8.png,142
381,0slyl34xWug.png,201
382,0SNhAKyXtC8.png,229
383,0SnjS2w_c80.png,76
384,0soVCtJgDTk.png,142
385,0sPVAP17w2U.png,145
386,0ssOpzqkojU.png,119
387,0sstijfm2nM.png,183
388,0sYXPO7lzco.png,19
389,0tgNg0MHgxc.png,202
390,0TiEO149Ydc.png,128
391,0TKyCw1Ykq8.png,167
392,0toUq9UHCSA.png,152
393,0trWdhSvab4.png,142
394,0TSOlaZXXM8.png,13
395,0TV9zvfwFhs.png,142
396,0TvuLbDrd6g.png,110
397,0U20V7Kh_kc.png,48
398,0u5dddSWuj8.png,8
399,0U7mQ5GYMX8.png,215
400,0U9_6RyH3_M.png,141
401,0Ubu4BqSWmU.png,142
402,0UF1FHDPM1A.png,195
403,0unBNMBYhwQ.png,142
404,0V7-w8K3Fgw.png,48
405,0VCK8rLKXKA.png,102
406,0vFPs6XsU_Q.png,142
407,0vg9qxNKXOw.png,189
408,0VjPCd62oKg.png,142
409,0VnKeRijmM8.png,193
410,0vSmiq7CrCk.png,122
411,0vXqf9ix8LE.png,126
412,0W1En_XsDnM.png,28
413,0W1sNicXboU.png,142
414,0w7pCxwXzVc.png,98
415,0wgqpjfTmJI.png,263
416,0WhN_cuP4lg.png,110
417,0Wkk9iNzA9c.png,35
418,0wM_qR6Yihk.png,213
419,0wp4JNMogzQ.png,233
420,0wYi8B9PXDY.png,15
421,0wzsE67O5tE.png,142
422,0x82_HySIVU.png,19
423,0x9TnOQ5Nhw.png,20
424,0xDlT_u31fg.png,100
425,0Xe2zCJNjvk.png,32
426,0XeH2s-LzZE.png,142
427,0XFFOBzJ3aw.png,258
428,0xGoUJpt6eQ.png,210
429,0xm_4yGhHjc.png,205
430,0XSNrKgA94g.png,226
431,0XTWdzBttaU.png,179
432,0XxinBtKouQ.png,10
433,0Y8TTBlRKkQ.png,243
434,0Ycad70UNwE.png,142
435,0YI_WYJVv2M.png,176
436,0YIWrXgCjiM.png,142
437,0ylr6p_m4p0.png,70
438,0yM5h22hQ5U.png,206
439,0yRQSlu-ooc.png,263
440,0YsC6M4GFoc.png,9
441,0yT6ihPVX54.png,142
442,0yTfnhm-Ny0.png,65
443,0YTieIiZNN4.png,114
444,0yxJzCQW5zI.png,250
445,0Z760XNy4VM.png,141
446,0ZAfYE4bgs8.png,219
447,0zDEut-yfis.png,50
448,0zgffMTkGtU.png,177
449,0ZN2HKsFg4A.png,142
450,0zP9jebYSrk.png,179
451,1-feQHDL-Qo.png,243
452,1-TnkdEPXEw.png,197
453,1-WyAvPxqDM.png,149
454,1-X6BOetQ5Q.png,245
455,1-Y9kafYuqQ.png,142
456,1-z7wzzstMs.png,174
457,1009ux1xbkg.png,98
458,10aBef0Ghkc.png,88
459,10aF24rMeu0.png,163
460,10DM6WINIS8.png,173
461,10eyuX_4Huo.png,17
462,10hGfv89L3g.png,36
463,10lWpHyN0Ok.png,144
464,10rH37YYvKU.png,157
465,10RyykoW3Mw.png,142
466,10V4g8MXF-Y.png,9
467,10YXuv9Go0E.png,189
468,11FeId69WOk.png,142
469,11iTkkMaUVo.png,110
470,11KWMKfalJo.png,166
471,11q7KkNkLFg.png,233
472,11ruZHgyTKM.png,105
473,126AbihZt28.png,122
474,12C-RCb6UFw.png,212
475,12nRM9_Q6so.png,142
476,12OSBJwogFc.png,142
477,12T-9dLEbY8.png,20
478,12UFv05Qmpw.png,56
479,130v5XJl8G0.png,63
480,13jEiCXpPIE.png,249
481,13oklol49ZY.png,61
482,13wd8KvOt58.png,130
483,145N68nh4m0.png,91
484,14hTDUjCr_g.png,142
485,14jcqHjMXcI.png,122
486,14qo-R5Veog.png,196
487,14vbVhCbKVc.png,85
488,14XML4NbS38.png,105
489,153xbn1k2H8.png,255
490,154WG9Gv1I4.png,181
491,15mRtNj-zAU.png,120
492,15Mw2jyyHk0.png,13
493,15RT4Q9qchM.png,48
494,16JM_ZgvQQ8.png,183
495,16TsDMjHzYU.png,142
496,17AtKbQ7glU.png,104
497,17CpJxlwzNg.png,211
498,17Fh7LMMzhc.png,102
499,17L2VkXtcQ0.png,20
500,17tqXgvCN0E.png,48
501,17wA3UyGUX8.png,234
502,17WW_p1N7BQ.png,39
503,18212B4yfLg.png,101
504,18aaA2efGng.png,16
505,18avBmoYIrk.png,202
506,18HRNQyo9mg.png,39
507,18MCVaBd4Vc.png,259
508,18mS4cLPOb8.png,125
509,18PLoJDIvIQ.png,203
510,18r-Vtspi8g.png,201
511,191DLO4T_QY.png,34
512,19_c58yNYVw.png,225
513,19baBw3WGsE.png,142
514,19knOj43yZE.png,16
515,1_7BKFMJrYA.png,115
516,1_hGvbEiYAs.png,19
517,1_knvtpENoQ.png,31
518,1_Q80fDGLRM.png,11
519,1_v-Kro86Io.png,119
520,1_Yd3NwpP7M.png,184
521,1a-ODBWMUAE.png,243
522,1a0v-9eNHS0.png,95
523,1A4faLHDx_U.png,181
524,1a_nvi4sW64.png,79
525,1ACn3u5UnBw.png,142
526,1aigfM5Tmqk.png,262
527,1Aokrz07aSA.png,147
528,1aZKmCUlXrY.png,103
529,1aZrc1oTbIo.png,150
530,1B-RuZgSqf8.png,158
531,1bbyaXEVouE.png,66
532,1bIH_Qh_clk.png,68
533,1bKf5nrT4DQ.png,3
534,1bSP4wLfMpA.png,142
535,1btWmt9io-Y.png,139
536,1BV8AO4UmgA.png,142
537,1BVSYfNCcv0.png,142
538,1BYZiONhW3c.png,183
539,1cCg1Y7zDnM.png,227
540,1ceaatuz77k.png,9
541,1CGx8zxQFx4.png,142
542,1cqcTbDxsHM.png,142
543,1CRvPsMwqrc.png,154
544,1cwGW0cBdRs.png,142
545,1cwOR9WGLOw.png,51
546,1CwZRWurPKc.png,142
547,1cxvg7qu0G0.png,101
548,1CZ-bybGzu4.png,69
549,1D4LxbOVn1I.png,81
550,1D6UsaTflJ8.png,21
551,1Db5lDc88bM.png,79
552,1De-OI8YG-M.png,157
553,1dEobByUDYo.png,129
554,1dH-lZ8TNLU.png,20
555,1DNoynuGLV4.png,38
556,1doTwVszic8.png,115
557,1DS0AE3vTwA.png,18
558,1dt9eL2rmSY.png,246
559,1DWt70gTqHc.png,31
560,1dyFP4MGkIM.png,139
561,1dzwFnXJ7_E.png,234
562,1e0_4dwF9A4.png,105
563,1ED_uNM-KfE.png,230
564,1edm2kNMYZs.png,202
565,1EEy-aXHzRI.png,231
566,1EH6atYydBc.png,133
567,1EiNSiO0UvU.png,194
568,1ENC2smc8Ig.png,151
569,1eP5LSjyge0.png,117
570,1ETrMAVZdY8.png,20
571,1EuGaYmvlXM.png,105
572,1EWkwWXwI1g.png,101
573,1EZ1_l3MpWw.png,191
574,1F-jIu9oy6A.png,201
575,1f-L1M-S6RQ.png,103
576,1F23RciUwDE.png,92
577,1F3_bvIT0ig.png,36
578,1F8hWMEtlZM.png,207
579,1F9zCsJyw6k.png,91
580,1FbxStVuFYU.png,29
581,1fD5B_VGkQk.png,193
582,1fDGejVDAHU.png,42
583,1FnA3w94zXI.png,216
584,1FpNkptebK8.png,142
585,1fSsCqTeqYM.png,75
586,1FU5odlgLmo.png,142
587,1fwLpj3yVmU.png,142
588,1g0vAT8GHt0.png,249
589,1G4aDTUuo7g.png,155
590,1g6sdWOc9k4.png,211
591,1G6wtnmdZhE.png,36
592,1g7sOtOiSRo.png,43
593,1g9FuuIIs84.png,67
594,1garMoYilAY.png,168
595,1gDNqOQFopY.png,183
596,1GFclDpGhu0.png,24
597,1gG4U2r-z1k.png,229
598,1ghXWnSJibU.png,78
599,1GMWn4IxVro.png,188
600,1GrCbwZIbwM.png,242
601,1GwY2n4HIM0.png,196
602,1hABzqBHh7w.png,183
603,1HayoASR-54.png,237
604,1hba9jmspEQ.png,173
605,1hC6crefz0s.png,239
606,1hDTYgABDRg.png,142
607,1heMbyumHAo.png,143
608,1hIg-Lsvc7Q.png,30
609,1hJnxzlxnQs.png,36
610,1hknEtsmdOc.png,36
611,1hMZbDz2KH8.png,99
612,1HNGJDppKG0.png,45
613,1HOdnni3Fl4.png,127
614,1hoUEfsTmdE.png,142
615,1hUNSCMZi9o.png,220
616,1hWAOReJehw.png,183
617,1hwkxJOl1PY.png,200
618,1HzPf-GXyls.png,178
619,1I5QQBbZP8g.png,69
620,1ILADUzj-M0.png,200
621,1IlgE0S4t3E.png,18
622,1IQdvfm9SDY.png,19
623,1IrYZhVhN1s.png,254
624,1ISlTAGBMhs.png,92
625,1J-E-QqJdkg.png,221
626,1J4FXUMOw8k.png,193
627,1J_j6c2uQaM.png,157
628,1JHB_-LCoNA.png,254
629,1JpeDWbgUO8.png,142
630,1JSbmO1NQzk.png,126
631,1Jtg95iZyoQ.png,165
632,1KiFXylkPpg.png,146
633,1KLmIS-v60U.png,156
634,1KmsVHx7E2c.png,142
635,1KpvQAM14Ic.png,243
636,1KXi48OobbU.png,77
637,1L1iOYth3-E.png,71
638,1LA8BxMlXSY.png,5
639,1Lqa2jDTnns.png,200
640,1LTxZ2aNytc.png,175
641,1MeeK0kD_ys.png,142
642,1MgcrYdYas0.png,42
643,1MP3sQTk8wo.png,83
644,1MRlrSLSN84.png,132
645,1MTKUN3uFrs.png,200
646,1MwaXCfUvX8.png,183
647,1NkUBIl2Plw.png,157
648,1NMDi2ZmUdo.png,180
649,1NWxg_BnJ0A.png,48
650,1Ny5ZlcBlcQ.png,23
651,1O-WeYTRS4w.png,64
652,1OFDyTzUj24.png,62
653,1OFOElP7bqc.png,211
654,1ON1iLkUPp8.png,238
655,1On2yNySbZ0.png,23
656,1OpNI5DjxC0.png,249
657,1Oq1Z8SZNyM.png,142
658,1OU19ANx4fg.png,142
659,1OukV4Q7o8Q.png,71
660,1P5FFxXLSpY.png,163
661,1PAb2MoavDc.png,16
662,1PDg2ENa7jk.png,142
663,1PKxdTlquCA.png,1
664,1PN-bfs2EhY.png,142
665,1PPboJuO1Ks.png,142
666,1PSzSTilu_s.png,142
667,1PZAgEP1Xhc.png,200
668,1Q1pDQzTW6c.png,52
669,1Q9DXhXMSFI.png,142
670,1QtsF8qkX1Y.png,157
671,1RhYdQnZ_hw.png,142
672,1RW3nDRmu6k.png,142
673,1RwhRTe-OKk.png,10
674,1SfwYQ92l6Y.png,142
675,1SLrRllxMkU.png,4
676,1SqihV_DnEg.png,129
677,1SvA8MMap-A.png,18
678,1T1RlQPE9sE.png,120
679,1T790GA0vkI.png,108
680,1TAOyk0Xgss.png,236
681,1Tg9VvRZN5k.png,212
682,1Thl21awe2g.png,93
683,1TP8JyI5vHI.png,142
684,1TxC-sdO2rY.png,191
685,1TyOPtg0Yfk.png,37
686,1Tzq_XIAMvs.png,142
687,1U38Q2MpYM4.png,23
688,1U8PPyZdbjA.png,204
689,1UCNBHZQNVM.png,142
690,1Ue2DkG64r8.png,115
691,1UFU5SfQOX4.png,84
692,1Uj_ulATth0.png,20
693,1UK8f9G7kLc.png,113
694,1UViJ9heiak.png,106
695,1UXOJ3IACj4.png,164
696,1V-rFaIWnzU.png,183
697,1V7ReAk9k-4.png,1
698,1V9CWQNZRF8.png,152
699,1VRZ08sblVw.png,165
700,1VTxnf2hZ0w.png,138
701,1W-KLZJwXkc.png,142
702,1W2FOzSXsxs.png,142
703,1W4p9dUBNkA.png,98
704,1WGfcIOLUK8.png,35
705,1WGmeX6CLas.png,253
706,1WI9921OeRc.png,28
707,1WKvCCz-NZU.png,31
708,1WlvXneu6oY.png,142
709,1WuGGd6NqGk.png,182
710,1WwzpFx9jk4.png,142
711,1Wy75ZQz9rg.png,142
712,1X0VCv-S2H8.png,193
713,1Xmw9VUzvLY.png,20
714,1XO0SqsZhHU.png,256
715,1Xtkou9dtyA.png,142
716,1XwOM3Hf_Bs.png,142
717,1Y2YtG9EX-g.png,157
718,1YFa9CpH7Kc.png,40
719,1YRhxCXCM0o.png,186
720,1YWeSXAXwQE.png,28
721,1YxcifClvo0.png,20
722,1Z0G4O0lVwA.png,142
723,1Z4x67dhw-s.png,170
724,1Z8MIXXDPls.png,208
725,1ZaxqZMs21M.png,183
726,1ZEzs9zmZaU.png,114
727,1ZgXgyEJSbc.png,215
728,1ZHnWpLQtyo.png,155
729,1ZS9EQzbAbM.png,171
